slot_id,attempt,seed,tool,file,sha256,generated_at,result,reason
G01,1,20260901,forge_neo,dataset\staging\G01_a1.png,24895d6b719942548ce93d46b23bbc7ade8a8934ef45e527f8cb963f0e8e3ef4,2026-09-24T16:04:50.296272+00:00,generated,
G03,1,20260903,forge_neo,dataset\staging\G03_a1.png,bd5e19be9ef28ae82b7dd628dd868581b7e3e4c8d97f0ce4f8298c8c7c21c297,2026-09-24T16:05:18.667954+00:00,generated,
G05,1,20260905,forge_neo,dataset\staging\G05_a1.png,6a82db468e6af0f266fb52eeeea69f4af254cfd4d7865a8e29abf4ed96dc0d1a,2026-09-24T16:05:47.071221+00:00,generated,
A01,1,20260911,forge_neo,dataset\staging\A01_a1.png,519afb3c565422af84139cbd33bb7a9c8726c13ce85da597f171a840ad462640,2026-09-24T16:06:17.092630+00:00,generated,
A02,1,20260912,forge_neo,dataset\staging\A02_a1.png,afbecb33a25e17cb54130ed30af770cbed91097a255dc70005dd727b48a3fe28,2026-09-24T16:06:46.664633+00:00,generated,
N03,1,20260923,forge_neo,dataset\staging\N03_a1.png,67fc7bf7d872b6947511d4ee1400d0f66adf9322230297c297310dc1d01c8554,2026-09-24T16:07:16.035051+00:00,generated,
S01,1,20260931,forge_neo,dataset\staging\S01_a1.png,31a786f74d7ee238ca42bdfbd62fb3d13e0ae6efe3a7a786145e028e466f411b,2026-09-24T16:07:44.553668+00:00,generated,
S03,1,20260933,forge_neo,dataset\staging\S03_a1.png,eeac1a5d6fbe2ff322a30fdcc1a4bcd1d84b223aef70669a94b394bbafb3b80c,2026-09-24T16:08:13.043338+00:00,generated,
M01,1,20260941,forge_neo,dataset\staging\M01_a1.png,bf85f54281c14bf08e1cfce850b6f5103ba4706ab72f86f6fac164ea389b6121,2026-09-24T16:08:43.125042+00:00,generated,
C01,1,20260951,forge_neo,dataset\staging\C01_a1.png,86f38900bbbb7871e2a89281ca8971b102c76b6368a168bb81298f7b85509693,2026-09-24T16:09:12.450432+00:00,generated,
